id	name
B2AI_STANDARD:1	.ACE format
B2AI_STANDARD:2	DMS
B2AI_STANDARD:3	ABCD
B2AI_STANDARD:4	AGP
B2AI_STANDARD:5	AnIML
B2AI_STANDARD:6	ARRIVE
B2AI_STANDARD:7	aECG
B2AI_STANDARD:8	AIM
B2AI_STANDARD:9	ANSI/CTA-2090
B2AI_STANDARD:10	AB1
B2AI_STANDARD:11	ABI
B2AI_STANDARD:12	ARB
B2AI_STANDARD:13	ADL
B2AI_STANDARD:14	StructureDefinition-argo-careplan
B2AI_STANDARD:15	AMIS
B2AI_STANDARD:16	Axt
B2AI_STANDARD:17	BAI
B2AI_STANDARD:18	BEDgraph
B2AI_STANDARD:19	bigBED
B2AI_STANDARD:20	bigWig
B2AI_STANDARD:21	BAM/CRAM
B2AI_STANDARD:22	BAM
B2AI_STANDARD:23	2bit
B2AI_STANDARD:24	BCF
B2AI_STANDARD:25	BioCompute
B2AI_STANDARD:26	Biolink
B2AI_STANDARD:27	BEL
B2AI_STANDARD:28	BRIDG Model
B2AI_STANDARD:29	BioPAX
B2AI_STANDARD:30	Bioschemas
B2AI_STANDARD:31	BRISQ
B2AI_STANDARD:32	BioXSD
B2AI_STANDARD:33	BIDS
B2AI_STANDARD:34	BFI
B2AI_STANDARD:35	BPI
B2AI_STANDARD:36	BED
B2AI_STANDARD:37	BPMN
B2AI_STANDARD:38	CMMN
B2AI_STANDARD:39	CARE
B2AI_STANDARD:40	Define
B2AI_STANDARD:41	CDISC ADaM
B2AI_STANDARD:42	CDISC Protocol
B2AI_STANDARD:43	CDISC TAUGs
B2AI_STANDARD:44	SDTM
B2AI_STANDARD:45	CDASH
B2AI_STANDARD:46	CDISC Dataset
B2AI_STANDARD:47	CDISC LAB
B2AI_STANDARD:48	CDISC ODM
B2AI_STANDARD:49	CDISC PRM
B2AI_STANDARD:50	SEND
B2AI_STANDARD:51	CDISC SDM
B2AI_STANDARD:52	CHADO
B2AI_STANDARD:53	chain
B2AI_STANDARD:54	CARD
B2AI_STANDARD:55	CML
B2AI_STANDARD:56	ClinGen Interpretation
B2AI_STANDARD:57	CLSI AUTO16
B2AI_STANDARD:58	MSF
B2AI_STANDARD:59	DND
B2AI_STANDARD:60	CODE-EHR
B2AI_STANDARD:61	CXI
B2AI_STANDARD:62	CCPN
B2AI_STANDARD:63	CFDE C2M2
B2AI_STANDARD:64	Common Metadata
B2AI_STANDARD:65	FACIT-COST
B2AI_STANDARD:66	C-CDA
B2AI_STANDARD:67	COREQ
B2AI_STANDARD:68	CHEERS
B2AI_STANDARD:69	CONSORT
B2AI_STANDARD:70	Continua
B2AI_STANDARD:71	CCDEF
B2AI_STANDARD:72	Crypt4GH
B2AI_STANDARD:73	CIF
B2AI_STANDARD:74	CPT
B2AI_STANDARD:75	DDI-Lifecycle
B2AI_STANDARD:76	DOS-DP
B2AI_STANDARD:77	DMN
B2AI_STANDARD:78	DELTA
B2AI_STANDARD:79	DICOMDIR
B2AI_STANDARD:80	DICOM Part 11
B2AI_STANDARD:81	DICOM Part 12
B2AI_STANDARD:82	DICOM Part 14
B2AI_STANDARD:83	DICOM Part 15
B2AI_STANDARD:84	DCMR
B2AI_STANDARD:85	DICOM Part 17
B2AI_STANDARD:86	DICOMweb
B2AI_STANDARD:87	DICOM Part 19
B2AI_STANDARD:88	DICOM Part 2
B2AI_STANDARD:89	DICOM Part 20
B2AI_STANDARD:90	DICOM Part 21
B2AI_STANDARD:91	DICOM Part 22
B2AI_STANDARD:92	DICOM Part 3
B2AI_STANDARD:93	DICOM Part 4
B2AI_STANDARD:94	DICOM Part 5
B2AI_STANDARD:95	DICOM Part 6
B2AI_STANDARD:96	DIMSE
B2AI_STANDARD:97	DICOM Part 8
B2AI_STANDARD:98	DICOM
B2AI_STANDARD:99	Direct Standard
B2AI_STANDARD:100	DAS
B2AI_STANDARD:101	EML
B2AI_STANDARD:102	EBDCS
B2AI_STANDARD:103	EC
B2AI_STANDARD:104	EORTC QLQ
B2AI_STANDARD:105	EDF
B2AI_STANDARD:106	ELS
B2AI_STANDARD:107	EQ-5D-3L
B2AI_STANDARD:108	FAIR Cookbook
B2AI_STANDARD:109	FHIR
B2AI_STANDARD:110	FASTA
B2AI_STANDARD:111	FASTQ
B2AI_STANDARD:112	Common Rule
B2AI_STANDARD:113	CDMH
B2AI_STANDARD:114	Genomics Operations
B2AI_STANDARD:115	Provenance
B2AI_STANDARD:116	CodeSystem
B2AI_STANDARD:117	ConceptMap
B2AI_STANDARD:118	NamingSystem
B2AI_STANDARD:119	TerminologyCapabilities
B2AI_STANDARD:120	ValueSet
B2AI_STANDARD:121	FCS
B2AI_STANDARD:122	FORCE11 DC
B2AI_STANDARD:123	FACT-G
B2AI_STANDARD:124	FACIT-Dyspnea
B2AI_STANDARD:125	FANLTC
B2AI_STANDARD:126	Regier2018
B2AI_STANDARD:127	FuGE-ML
B2AI_STANDARD:128	FuGEFlow
B2AI_STANDARD:129	FAF
B2AI_STANDARD:130	GA4GH
B2AI_STANDARD:131	Gating-ML
B2AI_STANDARD:132	GB
B2AI_STANDARD:133	GenePred
B2AI_STANDARD:134	GPAD
B2AI_STANDARD:135	GTF
B2AI_STANDARD:136	GMT
B2AI_STANDARD:137	GFF
B2AI_STANDARD:138	GAF
B2AI_STANDARD:139	Beacon
B2AI_STANDARD:140	GVF
B2AI_STANDARD:141	GCDML
B2AI_STANDARD:142	GGBN
B2AI_STANDARD:143	GlycoCT
B2AI_STANDARD:144	GTrack
B2AI_STANDARD:145	GUID-AS
B2AI_STANDARD:146	GIATE
B2AI_STANDARD:147	HIPAA
B2AI_STANDARD:148	HCPCS
B2AI_STANDARD:149	HISPID3
B2AI_STANDARD:150	HML
B2AI_STANDARD:151	Arden
B2AI_STANDARD:152	HL7 CDA Data Provenance
B2AI_STANDARD:153	DiagnosticReport
B2AI_STANDARD:154	GenomicStudy
B2AI_STANDARD:155	MolecularSequence
B2AI_STANDARD:156	Observation
B2AI_STANDARD:157	Patient
B2AI_STANDARD:158	Specimen
B2AI_STANDARD:159	GHP
B2AI_STANDARD:160	TraML
B2AI_STANDARD:161	IEEE P360
B2AI_STANDARD:162	BPPC
B2AI_STANDARD:163	IHE CDS-OAT
B2AI_STANDARD:164	CRD
B2AI_STANDARD:165	IHE XCPD
B2AI_STANDARD:166	IHE ITI
B2AI_STANDARD:167	LAW
B2AI_STANDARD:168	IHE PCD
B2AI_STANDARD:169	IHE PDQ
B2AI_STANDARD:170	RFD
B2AI_STANDARD:171	LIVD
B2AI_STANDARD:172	ICS
B2AI_STANDARD:173	imzML
B2AI_STANDARD:174	ICD-10-CM
B2AI_STANDARD:175	ICD-11
B2AI_STANDARD:176	ICD-9-CM
B2AI_STANDARD:177	INTRPRT
B2AI_STANDARD:178	IPSM-AF
B2AI_STANDARD:179	ISA-TAB-Nano
B2AI_STANDARD:180	EN13606
B2AI_STANDARD:181	ITU-T E-health
B2AI_STANDARD:182	JCAMP-DX
B2AI_STANDARD:183	Countgraph
B2AI_STANDARD:184	KPS
B2AI_STANDARD:185	KGML
B2AI_STANDARD:186	LS-DAM
B2AI_STANDARD:187	LOINC
B2AI_STANDARD:188	mmCIF
B2AI_STANDARD:189	MSAML
B2AI_STANDARD:190	MDL
B2AI_STANDARD:191	RXN
B2AI_STANDARD:192	MSGISO
B2AI_STANDARD:193	MNC
B2AI_STANDARD:194	MS-DRG
B2AI_STANDARD:195	MEDIN
B2AI_STANDARD:196	MSAS
B2AI_STANDARD:197	MOD-CO
B2AI_STANDARD:198	MINiML
B2AI_STANDARD:199	MAGE-ML
B2AI_STANDARD:200	MAGE-TAB
B2AI_STANDARD:201	MCL
B2AI_STANDARD:202	WFDB Format
B2AI_STANDARD:203	MINSEQE
B2AI_STANDARD:204	MISME
B2AI_STANDARD:205	MIRIAM
B2AI_STANDARD:206	MIFlowCyt
B2AI_STANDARD:207	MIAPE
B2AI_STANDARD:208	MIARE
B2AI_STANDARD:209	MIxS
B2AI_STANDARD:210	MIAPPE
B2AI_STANDARD:211	MIASM
B2AI_STANDARD:212	MIQAS
B2AI_STANDARD:213	MIABIS
B2AI_STANDARD:214	MIAPE-Quant
B2AI_STANDARD:215	ModelCIF
B2AI_STANDARD:216	MLHIM
B2AI_STANDARD:217	MAF
B2AI_STANDARD:218	mz5
B2AI_STANDARD:219	mzData
B2AI_STANDARD:220	mzIndentML
B2AI_STANDARD:221	mzML
B2AI_STANDARD:222	mzQuantML
B2AI_STANDARD:223	mzXML
B2AI_STANDARD:224	NCI EVS
B2AI_STANDARD:225	NEMSIS
B2AI_STANDARD:226	PCORNet CDM
B2AI_STANDARD:227	NCD
B2AI_STANDARD:228	BioProject Schema
B2AI_STANDARD:229	NCPDP F&B
B2AI_STANDARD:230	NESTcc DQF
B2AI_STANDARD:231	NWB
B2AI_STANDARD:232	NIDM
B2AI_STANDARD:233	NIFTI
B2AI_STANDARD:234	NeuroML
B2AI_STANDARD:235	NDF
B2AI_STANDARD:236	NHX
B2AI_STANDARD:237	Newick
B2AI_STANDARD:238	NeML
B2AI_STANDARD:239	nib
B2AI_STANDARD:240	NMR-STAR
B2AI_STANDARD:241	nmrML
B2AI_STANDARD:242	Observ-Tab
B2AI_STANDARD:243	OMOP CDM
B2AI_STANDARD:244	OMOP CEM
B2AI_STANDARD:245	OBO
B2AI_STANDARD:246	Open mHealth
B2AI_STANDARD:247	OME-TIFF
B2AI_STANDARD:248	OME-XML
B2AI_STANDARD:249	OMEX
B2AI_STANDARD:250	OpenICE
B2AI_STANDARD:251	AOM14
B2AI_STANDARD:252	openEHR
B2AI_STANDARD:253	ORION
B2AI_STANDARD:254	ICE
B2AI_STANDARD:255	HMMER Format
B2AI_STANDARD:256	Phenopackets
B2AI_STANDARD:257	PHIN Guide
B2AI_STANDARD:258	phyloXML
B2AI_STANDARD:259	ANSI/CTA-2056
B2AI_STANDARD:260	PEP
B2AI_STANDARD:261	PFB
B2AI_STANDARD:262	PRISMA
B2AI_STANDARD:263	PDB
B2AI_STANDARD:264	PSI-PAR
B2AI_STANDARD:265	PSI GelML
B2AI_STANDARD:266	PSI-MI XML
B2AI_STANDARD:267	qcML
B2AI_STANDARD:268	RDML
B2AI_STANDARD:269	REFLECT
B2AI_STANDARD:270	REMARK
B2AI_STANDARD:271	ReproSchema
B2AI_STANDARD:272	SCDM
B2AI_STANDARD:273	SAM
B2AI_STANDARD:274	SRA-XML
B2AI_STANDARD:275	SOFT
B2AI_STANDARD:276	SMILES
B2AI_STANDARD:277	SED-ML
B2AI_STANDARD:278	SPDI
B2AI_STANDARD:279	SEDS
B2AI_STANDARD:280	SPREC
B2AI_STANDARD:281	STARD
B2AI_STANDARD:282	Stockholm
B2AI_STANDARD:283	STREGA
B2AI_STANDARD:284	STROBE
B2AI_STANDARD:285	SDF
B2AI_STANDARD:286	SummarizedExperiment
B2AI_STANDARD:287	SBOL
B2AI_STANDARD:288	SBGN
B2AI_STANDARD:289	SBML
B2AI_STANDARD:290	SBRML
B2AI_STANDARD:291	Tabix
B2AI_STANDARD:292	TCS
B2AI_STANDARD:293	TDWG SDS
B2AI_STANDARD:294	ToxML
B2AI_STANDARD:295	TREND
B2AI_STANDARD:296	TIM+
B2AI_STANDARD:297	TumorML
B2AI_STANDARD:298	UNII
B2AI_STANDARD:299	VCF
B2AI_STANDARD:300	VEP
B2AI_STANDARD:301	VRS
B2AI_STANDARD:302	VarioML
B2AI_STANDARD:303	VMS
B2AI_STANDARD:304	VHI
B2AI_STANDARD:305	HCLS
B2AI_STANDARD:306	WIG
B2AI_STANDARD:307	LSM
B2AI_STANDARD:308	AMR
B2AI_STANDARD:309	WIFF
B2AI_STANDARD:310	HDR/IMG
B2AI_STANDARD:311	Arrow
B2AI_STANDARD:312	Avro
B2AI_STANDARD:313	ADMS
B2AI_STANDARD:314	AIFF
B2AI_STANDARD:315	AVI
B2AI_STANDARD:316	BMP
B2AI_STANDARD:317	Cap'n'Proto
B2AI_STANDARD:318	CellML
B2AI_STANDARD:319	CFF
B2AI_STANDARD:320	CWL
B2AI_STANDARD:321	CURATE(D)
B2AI_STANDARD:322	DAMA-DMBOK
B2AI_STANDARD:323	DCAT
B2AI_STANDARD:324	DataCite
B2AI_STANDARD:325	Dataset Cards
B2AI_STANDARD:326	Datasheets
B2AI_STANDARD:327	XGMML
B2AI_STANDARD:328	FAIR4RS
B2AI_STANDARD:329	FIPS
B2AI_STANDARD:330	FieldML
B2AI_STANDARD:331	FLAC
B2AI_STANDARD:332	Frictionless
B2AI_STANDARD:333	serviceinfo
B2AI_STANDARD:334	gxformat2
B2AI_STANDARD:335	GNIS ID
B2AI_STANDARD:336	GENC
B2AI_STANDARD:337	GraphML
B2AI_STANDARD:338	GIF
B2AI_STANDARD:339	HDF5
B2AI_STANDARD:340	HDMF
B2AI_STANDARD:341	ISA-Tab
B2AI_STANDARD:342	ISO 3166
B2AI_STANDARD:343	ISO 8601
B2AI_STANDARD:344	JPEG
B2AI_STANDARD:345	JSON-schema
B2AI_STANDARD:346	KGX
B2AI_STANDARD:347	LinkML
B2AI_STANDARD:348	MathML
B2AI_STANDARD:349	xlsx
B2AI_STANDARD:350	Model Cards
B2AI_STANDARD:351	MP3
B2AI_STANDARD:352	MPEG-4
B2AI_STANDARD:353	netCDF
B2AI_STANDARD:354	NNEF
B2AI_STANDARD:355	OMXML
B2AI_STANDARD:356	OGG Speex
B2AI_STANDARD:357	ONNX
B2AI_STANDARD:358	OpenAPI
B2AI_STANDARD:359	parquet
B2AI_STANDARD:360	PURL
B2AI_STANDARD:361	PDF
B2AI_STANDARD:362	PNG
B2AI_STANDARD:363	PS
B2AI_STANDARD:364	PMML
B2AI_STANDARD:365	protobuf
B2AI_STANDARD:366	PROV
B2AI_STANDARD:367	pickle
B2AI_STANDARD:368	QuDEx
B2AI_STANDARD:369	RDA 10 Things
B2AI_STANDARD:370	RDFS
B2AI_STANDARD:371	RIF-CS
B2AI_STANDARD:372	RO-CRATE
B2AI_STANDARD:373	RDF
B2AI_STANDARD:374	Safetensors
B2AI_STANDARD:375	SVG
B2AI_STANDARD:376	SHACL
B2AI_STANDARD:377	SGI
B2AI_STANDARD:378	SSSOM
B2AI_STANDARD:379	statismo
B2AI_STANDARD:380	SDMX
B2AI_STANDARD:381	STL
B2AI_STANDARD:382	SDD
B2AI_STANDARD:383	TIFF
B2AI_STANDARD:384	TAR
B2AI_STANDARD:385	TAPIR
B2AI_STANDARD:386	UCUM
B2AI_STANDARD:387	WAV
B2AI_STANDARD:388	OWL
B2AI_STANDARD:389	WDL
B2AI_STANDARD:390	XBM
B2AI_STANDARD:391	XPM
B2AI_STANDARD:392	xarray
B2AI_STANDARD:393	YAML
B2AI_STANDARD:394	Zarr
B2AI_STANDARD:395	ZIP
B2AI_STANDARD:396	AdapterHub
B2AI_STANDARD:397	Bioimage
B2AI_STANDARD:398	HF Models
B2AI_STANDARD:399	modelzoo.co
B2AI_STANDARD:400	OpenML
B2AI_STANDARD:401	PyTorch Hub
B2AI_STANDARD:402	TFHub
B2AI_STANDARD:403	ASA/ANSI S3.20
B2AI_STANDARD:404	ADO
B2AI_STANDARD:405	ARO
B2AI_STANDARD:406	APOLLO_SV
B2AI_STANDARD:407	AIO
B2AI_STANDARD:408	BFO
B2AI_STANDARD:409	BCO
B2AI_STANDARD:410	FBBI
B2AI_STANDARD:411	BSPO
B2AI_STANDARD:412	BTO
B2AI_STANDARD:413	WBPHENOTYPE
B2AI_STANDARD:414	CVDO
B2AI_STANDARD:415	CLO
B2AI_STANDARD:416	CL
B2AI_STANDARD:417	CHIRO
B2AI_STANDARD:418	CHEBI
B2AI_STANDARD:419	CHEMINF
B2AI_STANDARD:420	CHMO
B2AI_STANDARD:421	LABO
B2AI_STANDARD:422	CMO
B2AI_STANDARD:423	CVX
B2AI_STANDARD:424	CARO
B2AI_STANDARD:425	CTCAE
B2AI_STANDARD:426	CDAO
B2AI_STANDARD:427	CDNO
B2AI_STANDARD:428	CIO
B2AI_STANDARD:429	CRO
B2AI_STANDARD:430	COB
B2AI_STANDARD:431	CIDO
B2AI_STANDARD:432	CTO
B2AI_STANDARD:433	DUO
B2AI_STANDARD:434	DEB
B2AI_STANDARD:435	devops-infra
B2AI_STANDARD:436	DISDRIV
B2AI_STANDARD:437	DPO
B2AI_STANDARD:438	DTO
B2AI_STANDARD:439	DIDEO
B2AI_STANDARD:440	EDAM
B2AI_STANDARD:441	MFOEM
B2AI_STANDARD:442	ENVO
B2AI_STANDARD:443	ECTO
B2AI_STANDARD:444	EVI
B2AI_STANDARD:445	ECO
B2AI_STANDARD:446	XCO
B2AI_STANDARD:447	EXO
B2AI_STANDARD:448	FYPO
B2AI_STANDARD:449	FIDEO
B2AI_STANDARD:450	FOODON
B2AI_STANDARD:451	FOBI
B2AI_STANDARD:452	FOVT
B2AI_STANDARD:453	GSSO
B2AI_STANDARD:454	GO
B2AI_STANDARD:455	GENEPIO
B2AI_STANDARD:456	GECKO
B2AI_STANDARD:457	GENO
B2AI_STANDARD:458	GEO
B2AI_STANDARD:459	GMDN
B2AI_STANDARD:460	GNO
B2AI_STANDARD:461	HSO
B2AI_STANDARD:462	HL7 Vocabulary
B2AI_STANDARD:463	HOM
B2AI_STANDARD:464	HOOM
B2AI_STANDARD:465	HANCESTRO
B2AI_STANDARD:466	HSAPDV
B2AI_STANDARD:467	DOID
B2AI_STANDARD:468	HPO
B2AI_STANDARD:469	XLMOD
B2AI_STANDARD:470	HTN
B2AI_STANDARD:471	IDO
B2AI_STANDARD:472	IAO
B2AI_STANDARD:473	ICO
B2AI_STANDARD:474	ICEO
B2AI_STANDARD:475	ITO
B2AI_STANDARD:476	INO
B2AI_STANDARD:477	IOBC
B2AI_STANDARD:478	KISAO
B2AI_STANDARD:479	MP
B2AI_STANDARD:480	MVX
B2AI_STANDARD:481	MS
B2AI_STANDARD:482	MMO
B2AI_STANDARD:483	OLATDV
B2AI_STANDARD:484	MAXO
B2AI_STANDARD:485	MED-RT
B2AI_STANDARD:486	MFOMD
B2AI_STANDARD:487	MF
B2AI_STANDARD:488	MOD
B2AI_STANDARD:489	MRO
B2AI_STANDARD:490	MIAPA
B2AI_STANDARD:491	MPIO
B2AI_STANDARD:492	MCRO
B2AI_STANDARD:493	MI
B2AI_STANDARD:494	MOP
B2AI_STANDARD:495	MONDO
B2AI_STANDARD:496	EMAPA
B2AI_STANDARD:497	MPATH
B2AI_STANDARD:498	RXNO
B2AI_STANDARD:499	NDC
B2AI_STANDARD:500	NCBITAXON
B2AI_STANDARD:501	NCIT
B2AI_STANDARD:502	NBO
B2AI_STANDARD:503	NeuroNames
B2AI_STANDARD:504	NOMEN
B2AI_STANDARD:505	NCRO
B2AI_STANDARD:506	NCPT
B2AI_STANDARD:507	OMO
B2AI_STANDARD:508	ONTONEO
B2AI_STANDARD:509	ONTOAVIDA
B2AI_STANDARD:510	OBIB
B2AI_STANDARD:511	OBI
B2AI_STANDARD:512	OGMS
B2AI_STANDARD:513	OMIT
B2AI_STANDARD:514	ONE
B2AI_STANDARD:515	ONS
B2AI_STANDARD:516	OAE
B2AI_STANDARD:517	OBCS
B2AI_STANDARD:518	OBA
B2AI_STANDARD:519	OGSF
B2AI_STANDARD:520	OHPI
B2AI_STANDARD:521	OHMI
B2AI_STANDARD:522	OMRSE
B2AI_STANDARD:523	OOSTT
B2AI_STANDARD:524	OPMI
B2AI_STANDARD:525	ORNASEQ
B2AI_STANDARD:526	OVAE
B2AI_STANDARD:527	OHD
B2AI_STANDARD:528	ORDO
B2AI_STANDARD:529	PHIPO
B2AI_STANDARD:530	TRANS
B2AI_STANDARD:531	PW
B2AI_STANDARD:532	PSDO
B2AI_STANDARD:533	PHENIO
B2AI_STANDARD:534	PATO
B2AI_STANDARD:535	PCO
B2AI_STANDARD:536	PROCO
B2AI_STANDARD:537	PSI-MOD
B2AI_STANDARD:538	PR
B2AI_STANDARD:539	PCL
B2AI_STANDARD:540	RBO
B2AI_STANDARD:541	RadLex
B2AI_STANDARD:542	RS
B2AI_STANDARD:543	RO
B2AI_STANDARD:544	RxNorm
B2AI_STANDARD:545	SEPIO
B2AI_STANDARD:546	SSN
B2AI_STANDARD:547	SO
B2AI_STANDARD:548	SCDO
B2AI_STANDARD:549	SWO
B2AI_STANDARD:550	CFDs
B2AI_STANDARD:551	STATO
B2AI_STANDARD:552	SYMP
B2AI_STANDARD:553	SNOMED CT
B2AI_STANDARD:554	SNMI
B2AI_STANDARD:555	SBO
B2AI_STANDARD:556	TAXRANK
B2AI_STANDARD:557	T4FS
B2AI_STANDARD:558	DRON
B2AI_STANDARD:559	OBOE
B2AI_STANDARD:560	OGG
B2AI_STANDARD:561	PDRO
B2AI_STANDARD:562	TXPO
B2AI_STANDARD:563	UBERON
B2AI_STANDARD:564	Metathesaurus
B2AI_STANDARD:565	UPHENO
B2AI_STANDARD:566	UO
B2AI_STANDARD:567	UO
B2AI_STANDARD:568	UMDNS
B2AI_STANDARD:569	VO
B2AI_STANDARD:570	VBO
B2AI_STANDARD:571	VTO
B2AI_STANDARD:572	VT
B2AI_STANDARD:573	EUPATH
B2AI_STANDARD:574	XPO
B2AI_STANDARD:575	ZP
B2AI_STANDARD:576	PHVS_Race_HL7_2x
B2AI_STANDARD:577	RFC 5646
B2AI_STANDARD:578	ITU–T E.123
B2AI_STANDARD:579	ITU–T E.164
B2AI_STANDARD:580	ACRIMA
B2AI_STANDARD:581	AESDD
B2AI_STANDARD:582	Alliance ingest
B2AI_STANDARD:583	AlphaFold DB
B2AI_STANDARD:584	OCTAGON
B2AI_STANDARD:585	AV Nicking
B2AI_STANDARD:586	AudioMNIST
B2AI_STANDARD:587	Bgee
B2AI_STANDARD:588	BioRED
B2AI_STANDARD:589	BioMediTech RPE
B2AI_STANDARD:590	BioScope
B2AI_STANDARD:591	CASIA Iris
B2AI_STANDARD:592	CASIA Iris Subject Ageing
B2AI_STANDARD:593	CATH
B2AI_STANDARD:594	CRAFT
B2AI_STANDARD:595	CHiME
B2AI_STANDARD:596	Coswara
B2AI_STANDARD:597	CORD-19
B2AI_STANDARD:598	CREMA-D
B2AI_STANDARD:599	dbCRID
B2AI_STANDARD:600	DECIPHER
B2AI_STANDARD:601	dbGaP
B2AI_STANDARD:602	DeepDRiD
B2AI_STANDARD:603	Deeply
B2AI_STANDARD:604	DAPS
B2AI_STANDARD:605	DRiDB
B2AI_STANDARD:606	DRIONS-DB
B2AI_STANDARD:607	DRIVE
B2AI_STANDARD:608	Drishti-GS
B2AI_STANDARD:609	eICU-CRD
B2AI_STANDARD:610	EmoSynth
B2AI_STANDARD:611	ESM Atlas
B2AI_STANDARD:612	ECOD
B2AI_STANDARD:613	FANTOM
B2AI_STANDARD:614	Duke OCT
B2AI_STANDARD:615	FSDD
B2AI_STANDARD:616	G1020
B2AI_STANDARD:617	GRCh38
B2AI_STANDARD:618	GEMEP
B2AI_STANDARD:619	GIC
B2AI_STANDARD:620	GTex
B2AI_STANDARD:621	AudioSet
B2AI_STANDARD:622	HCUP
B2AI_STANDARD:623	HRF
B2AI_STANDARD:624	HPOA phenotype
B2AI_STANDARD:625	HPOA genes to phenotype
B2AI_STANDARD:626	HPOA phenotype to genes
B2AI_STANDARD:627	HCA
B2AI_STANDARD:628	HMDB
B2AI_STANDARD:629	HPA
B2AI_STANDARD:630	IDRiD
B2AI_STANDARD:631	IEMOCAP
B2AI_STANDARD:632	InterPro
B2AI_STANDARD:633	Libri-CSS
B2AI_STANDARD:634	LibriMix
B2AI_STANDARD:635	Librispeech
B2AI_STANDARD:636	LJ Speech
B2AI_STANDARD:637	LGVF
B2AI_STANDARD:638	MIDRC
B2AI_STANDARD:639	MIMIC
B2AI_STANDARD:640	Messidor
B2AI_STANDARD:641	MicroLib
B2AI_STANDARD:642	MS-SNSD
B2AI_STANDARD:643	WFDB
B2AI_STANDARD:644	Common Voice
B2AI_STANDARD:645	MSP-Podcast
B2AI_STANDARD:646	MSP-IMPROV
B2AI_STANDARD:647	MuSIC data
B2AI_STANDARD:648	MELD
B2AI_STANDARD:649	NHANES
B2AI_STANDARD:650	PCORNet Data
B2AI_STANDARD:651	NISQA-Corpus
B2AI_STANDARD:652	NLM-Chem-BC7
B2AI_STANDARD:653	Noisy
B2AI_STANDARD:654	OARD
B2AI_STANDARD:655	OCTID
B2AI_STANDARD:656	ORIGA-light
B2AI_STANDARD:657	PAPILA
B2AI_STANDARD:658	PD database
B2AI_STANDARD:659	PMC OA
B2AI_STANDARD:660	REFUGE
B2AI_STANDARD:661	RIGA
B2AI_STANDARD:662	RIM-ONE DL
B2AI_STANDARD:663	ROC
B2AI_STANDARD:664	RNAseqDB
B2AI_STANDARD:665	SEMAINE
B2AI_STANDARD:666	SemMedDB
B2AI_STANDARD:667	GigaSpeech
B2AI_STANDARD:668	Sound Commander
B2AI_STANDARD:669	SWC
B2AI_STANDARD:670	DiaRetDb1
B2AI_STANDARD:671	SCOP
B2AI_STANDARD:672	STARE
B2AI_STANDARD:673	SBP Mosiac
B2AI_STANDARD:674	SUPERFAMILY
B2AI_STANDARD:675	SAVEE
B2AI_STANDARD:676	Tatoeba
B2AI_STANDARD:677	Ted-LIUM
B2AI_STANDARD:678	TCGA
B2AI_STANDARD:679	RAVDESS
B2AI_STANDARD:680	TIMIT
B2AI_STANDARD:681	TESS
B2AI_STANDARD:682	VIVAE
B2AI_STANDARD:683	VOiCES
B2AI_STANDARD:684	VoxPopuli
B2AI_STANDARD:685	WHODrug
B2AI_STANDARD:686	WikiPathways
B2AI_STANDARD:687	Gupta2021
B2AI_STANDARD:688	MukhiyaLamo2021
B2AI_STANDARD:689	Tapuria2018
B2AI_STANDARD:690	Biderman2022
B2AI_STANDARD:691	Kalen2021
B2AI_STANDARD:692	Xiao2022
B2AI_STANDARD:693	Murugan2021
B2AI_STANDARD:694	HAPI FHIR
B2AI_STANDARD:695	Bradwell2022
B2AI_STANDARD:696	Bönisch2022
B2AI_STANDARD:697	Baskaya2019
B2AI_STANDARD:698	PereiraPintoJunior2022
B2AI_STANDARD:699	Pasini2022
B2AI_STANDARD:700	PatientTM
B2AI_STANDARD:701	Garbin2021
B2AI_STANDARD:702	Kvak2022
B2AI_STANDARD:703	Papez2022
B2AI_STANDARD:704	bio.tools
B2AI_STANDARD:705	Bioconductor
B2AI_STANDARD:706	BioPortal
B2AI_STANDARD:707	Bioregistry
B2AI_STANDARD:708	Bridge2AI registry
B2AI_STANDARD:709	CDISC SHARE
B2AI_STANDARD:710	Database Commons
B2AI_STANDARD:711	Dockstore
B2AI_STANDARD:712	Fairsharing
B2AI_STANDARD:713	LinkML registry
B2AI_STANDARD:714	NCI caDSR
B2AI_STANDARD:715	NRDR
B2AI_STANDARD:716	OBO Foundry
B2AI_STANDARD:717	PwC
B2AI_STANDARD:718	r3data
B2AI_STANDARD:719	3DP Registry
B2AI_STANDARD:720	clinical-problem-standardization
B2AI_STANDARD:721	ARES
B2AI_STANDARD:722	Aesara
B2AI_STANDARD:723	AWS
B2AI_STANDARD:724	Amundsen
B2AI_STANDARD:725	Anduril
B2AI_STANDARD:726	Apache Atlas
B2AI_STANDARD:727	Spark
B2AI_STANDARD:728	Taverna
B2AI_STANDARD:729	Appyters
B2AI_STANDARD:730	ATHENA
B2AI_STANDARD:731	ATLAS
B2AI_STANDARD:732	AtriumDB
B2AI_STANDARD:733	ACHILLES
B2AI_STANDARD:734	balance
B2AI_STANDARD:735	BigQuery
B2AI_STANDARD:736	Biopython
B2AI_STANDARD:737	Biotite
B2AI_STANDARD:738	BrainStat
B2AI_STANDARD:739	Cavatica
B2AI_STANDARD:740	Celery
B2AI_STANDARD:741	CLiXO
B2AI_STANDARD:742	Comet
B2AI_STANDARD:743	CDAPS
B2AI_STANDARD:744	CD-CLiXO
B2AI_STANDARD:745	CORAL
B2AI_STANDARD:746	CML library
B2AI_STANDARD:747	Cromwell
B2AI_STANDARD:748	Cytoscape
B2AI_STANDARD:749	Dagster
B2AI_STANDARD:750	DANCE
B2AI_STANDARD:751	DRS
B2AI_STANDARD:752	DVC
B2AI_STANDARD:753	DataHub
B2AI_STANDARD:754	Datasette
B2AI_STANDARD:755	DENDRO
B2AI_STANDARD:756	Determined
B2AI_STANDARD:757	Dicoogle
B2AI_STANDARD:758	DigitalOcean
B2AI_STANDARD:759	DoubletDecon
B2AI_STANDARD:760	Egeria
B2AI_STANDARD:761	Eido
B2AI_STANDARD:762	ENHANCE
B2AI_STANDARD:763	FDP
B2AI_STANDARD:764	FAIRSCAPE
B2AI_STANDARD:765	FastAI
B2AI_STANDARD:766	Galaxy
B2AI_STANDARD:767	GCP
B2AI_STANDARD:768	GrAPE
B2AI_STANDARD:769	HESML
B2AI_STANDARD:770	Hangar
B2AI_STANDARD:771	HADES
B2AI_STANDARD:772	HAIM
B2AI_STANDARD:773	HTSeq
B2AI_STANDARD:774	ImJoy
B2AI_STANDARD:775	i2b2
B2AI_STANDARD:776	ITK
B2AI_STANDARD:777	IMPatienT
B2AI_STANDARD:778	IMP
B2AI_STANDARD:779	Jupyter
B2AI_STANDARD:780	Kaldi
B2AI_STANDARD:781	Keepsake
B2AI_STANDARD:782	khmer
B2AI_STANDARD:783	Koza
B2AI_STANDARD:784	LIRICAL
B2AI_STANDARD:785	Linode
B2AI_STANDARD:786	MAGIC
B2AI_STANDARD:787	Marquez
B2AI_STANDARD:788	MONAI
B2AI_STANDARD:789	Metacat
B2AI_STANDARD:790	Azure
B2AI_STANDARD:791	MinIO
B2AI_STANDARD:792	MLMD
B2AI_STANDARD:793	MLflow
B2AI_STANDARD:794	MLPro
B2AI_STANDARD:795	MoClust
B2AI_STANDARD:796	MCT
B2AI_STANDARD:797	MongoDB
B2AI_STANDARD:798	Monocle2
B2AI_STANDARD:799	MIMaL
B2AI_STANDARD:800	MuSIC
B2AI_STANDARD:801	MySQL
B2AI_STANDARD:802	Neo4j
B2AI_STANDARD:803	NETME
B2AI_STANDARD:804	NetSeekR
B2AI_STANDARD:805	NDEx
B2AI_STANDARD:806	NeuCA
B2AI_STANDARD:807	Nextflow
B2AI_STANDARD:808	AnVIL
B2AI_STANDARD:809	OmicsEV
B2AI_STANDARD:810	OAK
B2AI_STANDARD:811	ODK
B2AI_STANDARD:812	OpenHealth
B2AI_STANDARD:813	pandas
B2AI_STANDARD:814	Panel
B2AI_STANDARD:815	PostgreSQL
B2AI_STANDARD:816	PyTorch
B2AI_STANDARD:817	Quarto
B2AI_STANDARD:818	RDCA-DAP
B2AI_STANDARD:819	refget
B2AI_STANDARD:820	Relexi
B2AI_STANDARD:821	REDCap
B2AI_STANDARD:822	Synapse
B2AI_STANDARD:823	SemEHR
B2AI_STANDARD:824	SAVER
B2AI_STANDARD:825	Snorkel
B2AI_STANDARD:826	SnpEff
B2AI_STANDARD:827	Souporcell
B2AI_STANDARD:828	STAR
B2AI_STANDARD:829	SyBLaRS
B2AI_STANDARD:830	TES
B2AI_STANDARD:831	TF
B2AI_STANDARD:832	Terra
B2AI_STANDARD:833	R
B2AI_STANDARD:834	Theano
B2AI_STANDARD:835	TRS
B2AI_STANDARD:836	U-BRITE
B2AI_STANDARD:837	Usagi
B2AI_STANDARD:838	Vireo
B2AI_STANDARD:839	Wasabi
B2AI_STANDARD:840	W&B
B2AI_STANDARD:841	WES
B2AI_STANDARD:842	Xethub
B2AI_STANDARD:843	ZenML
B2AI_STANDARD:844	OHDSI Tutorials
B2AI_STANDARD:845	CDC Introduction to FHIR
B2AI_STANDARD:846	FHIR Drills
B2AI_STANDARD:847	FHIR Fundamentals
B2AI_STANDARD:848	Learn LOINC
B2AI_STANDARD:849	Microsoft Medical Imaging
B2AI_STANDARD:850	Udemy FHIR
B2AI_STANDARD:851	FHIR US Core
B2AI_STANDARD:852	FHIR USCDI
B2AI_STANDARD:853	FHIR USCDI v1
B2AI_STANDARD:854	FHIR USCDI v4
B2AI_STANDARD:855	Dedoose
B2AI_STANDARD:856	FAIR Data Station
B2AI_STANDARD:857	Patient-Led Research Scorecards
B2AI_STANDARD:858	Zshot
B2AI_STANDARD:859	NIH CDE
B2AI_STANDARD:860	BARTOC
B2AI_STANDARD:861	DuckDB
B2AI_STANDARD:862	Polars
B2AI_STANDARD:863	LOV
B2AI_STANDARD:864	PhenX Toolkit
B2AI_STANDARD:865	DANDI
B2AI_STANDARD:866	SALON
B2AI_STANDARD:867	GCS
B2AI_STANDARD:868	Frictionless
B2AI_STANDARD:869	Compass Rose
B2AI_STANDARD:870	GX
B2AI_STANDARD:871	Pinecone
B2AI_STANDARD:872	CLIG
B2AI_STANDARD:873	MINSEQE
B2AI_STANDARD:874	GGIR
B2AI_STANDARD:875	Badawy et al. 2019
B2AI_STANDARD:876	GSCID/BRC CMS v1.5
B2AI_STANDARD:877	MI-CLAIM
B2AI_STANDARD:878	CSVW
B2AI_STANDARD:879	BagIt
B2AI_STANDARD:880	Unity Catalog
B2AI_STANDARD:881	Senselab
B2AI_STANDARD:882	CLAIM
B2AI_STANDARD:883	pydicom
B2AI_STANDARD:884	CSVY
B2AI_STANDARD:885	openSMILE
B2AI_STANDARD:886	Praat
B2AI_STANDARD:887	Parselmouth
B2AI_TOPIC:1	Biology
B2AI_TOPIC:2	Cell
B2AI_TOPIC:3	Cheminformatics
B2AI_TOPIC:4	Clinical Observations
B2AI_TOPIC:5	Data
B2AI_TOPIC:6	Demographics
B2AI_TOPIC:7	Disease
B2AI_TOPIC:8	Drug
B2AI_TOPIC:9	EHR
B2AI_TOPIC:10	EKG
B2AI_TOPIC:11	Environment
B2AI_TOPIC:12	Gene
B2AI_TOPIC:13	Genome
B2AI_TOPIC:14	Geolocation
B2AI_TOPIC:15	Image
B2AI_TOPIC:16	Literature
B2AI_TOPIC:17	Metabolome
B2AI_TOPIC:18	mHealth
B2AI_TOPIC:19	Microscale Imaging
B2AI_TOPIC:20	Molecular Biology
B2AI_TOPIC:21	Networks and Pathways
B2AI_TOPIC:22	Neurologic Imaging
B2AI_TOPIC:23	Omics
B2AI_TOPIC:24	Ophthalmic Imaging
B2AI_TOPIC:25	Phenotype
B2AI_TOPIC:26	Protein
B2AI_TOPIC:27	Protein Structure Model
B2AI_TOPIC:28	Proteome
B2AI_TOPIC:29	SDoH
B2AI_TOPIC:30	Social Media
B2AI_TOPIC:31	Survey
B2AI_TOPIC:32	Text
B2AI_TOPIC:33	Transcript
B2AI_TOPIC:34	Transcriptome
B2AI_TOPIC:35	Variant
B2AI_TOPIC:36	Voice
B2AI_TOPIC:37	Waveform
B2AI_TOPIC:38	Glucose Monitoring
B2AI_TOPIC:39	Activity Monitoring
B2AI_TOPIC:40	Governance
B2AI_USECASE:1	Obtain patient data from records of clinical visits.
B2AI_USECASE:2	Obtain image data from brain magnetic resonance imaging.
B2AI_USECASE:3	Obtain clinical waveform data from patients.
B2AI_USECASE:4	Obtain image data from retinal and other ophthalmic imaging.
B2AI_USECASE:5	Obtain patient data from laboratory analysis, including serological testing and urinalysis.
B2AI_USECASE:6	Obtain patient data from wearable devices.
B2AI_USECASE:7	Obtain genomics data from patients.
B2AI_USECASE:8	Obtain voice data from patients.
B2AI_USECASE:9	Obtain social determinants of health data from patients.
B2AI_USECASE:10	Obtain molecular proximity observations from microscopy images of human cells.
B2AI_USECASE:11	Obtain proteome data from human cell samples.
B2AI_USECASE:12	Obtain transcriptome data from human cell populations perturbed through CRISPR-driven mutagenesis.
B2AI_USECASE:13	Integrate clinical record data with voice data.
B2AI_USECASE:14	Transform data from OMOP to the i2b2 standard.
B2AI_USECASE:15	Produce artifacts that map identifiers between source and standardized data representations.
B2AI_USECASE:16	Link cellular objects to functions through associations between proteins, cell structure proximity, and transcriptomics.
B2AI_USECASE:17	Standardize clinical record data collected from multiple sites and sources.
B2AI_USECASE:18	Standardize clinical waveform data collected from multiple sites and sources.
B2AI_USECASE:19	Standardize clinical image data collected from multiple sites and sources.
B2AI_USECASE:20	Standardize clinical omics data collected from multiple sites and sources.
B2AI_USECASE:21	Assemble standards for integrated maps of human cell architecture.
B2AI_USECASE:22	Assemble standards for voice data.
B2AI_USECASE:23	Construct standards for computational provenance.
B2AI_USECASE:24	Develop multi-scale maps of human cell architecture.
B2AI_USECASE:25	Develop models of clinical image data.
B2AI_USECASE:26	Develop pseudotime patient models of health and salutogenesis.
B2AI_USECASE:27	Deploy a Federated Learning System for analysis of voice data.
B2AI_USECASE:28	Develop cross-sectional AI models of relationships between diabetes severity, cognitive function, and presence of biomarkers.
B2AI_USECASE:29	Develop predictive models of insulin dependence and salutogenesis.
B2AI_USECASE:30	Test and deploy analytical models of clinical image data.
B2AI_USECASE:31	Develop software and cloud infrastructure for automated voice data collection through a smartphone application.
B2AI_USECASE:32	Build a database of human voice samples and associations with biomarkers of health.
B2AI_USECASE:33	Build a relational database of arbitrary data types.
B2AI_USECASE:34	Query a relational database of arbitrary data types.
B2AI_USECASE:35	Build a graph database of arbitrary data types.
B2AI_USECASE:36	Query a graph database of arbitrary data types.
B2AI_USECASE:37	Train a linear regression model on data in an R tibble.
B2AI_USECASE:38	Train a binary classification model on data in one or more Bioconductor objects.
B2AI_USECASE:39	Train a neural network model on tensor data.
B2AI_USECASE:40	Transform FHIR data to TSV.
B2AI_USECASE:41	Determine whether enough data is available to train a computational model of interest.
B2AI_USECASE:42	Assess the quality of a computational model in terms of its ability to complete a specific task.
B2AI_USECASE:43	Assess the potential bias in a computational model.
B2AI_USECASE:44	Assess the explainability of a computational model.
B2AI_SUBSTRATE:1	Array
B2AI_SUBSTRATE:2	Associative Array
B2AI_SUBSTRATE:3	BIDS
B2AI_SUBSTRATE:4	BigQuery
B2AI_SUBSTRATE:5	Column Store
B2AI_SUBSTRATE:6	Comma-separated values
B2AI_SUBSTRATE:7	Data
B2AI_SUBSTRATE:8	Data Frame
B2AI_SUBSTRATE:9	Database
B2AI_SUBSTRATE:10	Delimited Text
B2AI_SUBSTRATE:11	DICOM
B2AI_SUBSTRATE:12	Directed acyclic graph
B2AI_SUBSTRATE:13	Document Database
B2AI_SUBSTRATE:14	Graph
B2AI_SUBSTRATE:15	Graph Database
B2AI_SUBSTRATE:16	HDF5
B2AI_SUBSTRATE:17	Heap
B2AI_SUBSTRATE:18	Hierarchical Array
B2AI_SUBSTRATE:19	Image
B2AI_SUBSTRATE:20	JSON
B2AI_SUBSTRATE:21	KGX TSV
B2AI_SUBSTRATE:22	MongoDB
B2AI_SUBSTRATE:23	MySQL
B2AI_SUBSTRATE:24	N-Dimensional Array
B2AI_SUBSTRATE:25	Neo4j
B2AI_SUBSTRATE:26	Neural Network Model
B2AI_SUBSTRATE:27	NNEF
B2AI_SUBSTRATE:28	ONNX
B2AI_SUBSTRATE:29	Pandas DataFrame
B2AI_SUBSTRATE:30	Parquet
B2AI_SUBSTRATE:31	PostgreSQL
B2AI_SUBSTRATE:32	Property graph
B2AI_SUBSTRATE:33	PyTorch Tensor
B2AI_SUBSTRATE:34	R data.frame
B2AI_SUBSTRATE:35	R tibble
B2AI_SUBSTRATE:36	Raster Image
B2AI_SUBSTRATE:37	Relational Database
B2AI_SUBSTRATE:38	Set
B2AI_SUBSTRATE:39	String
B2AI_SUBSTRATE:40	SummarizedExperiment
B2AI_SUBSTRATE:41	Tab-separated values
B2AI_SUBSTRATE:42	Tensor
B2AI_SUBSTRATE:43	Text
B2AI_SUBSTRATE:44	Tree
B2AI_SUBSTRATE:45	Trie
B2AI_SUBSTRATE:46	Vector
B2AI_SUBSTRATE:47	Vector Image
B2AI_SUBSTRATE:48	Waveform Audio File Format
B2AI_SUBSTRATE:49	Waveform Data
B2AI_SUBSTRATE:50	xarray
B2AI_SUBSTRATE:51	Zarr
B2AI_SUBSTRATE:52	Compressed Data
B2AI_SUBSTRATE:53	BED
B2AI_SUBSTRATE:54	Vector Database
B2AI_SUBSTRATE:55	Pinecone
B2AI_ORG:1	7B
B2AI_ORG:2	AHRQ
B2AI_ORG:3	AMA
B2AI_ORG:4	ANSI
B2AI_ORG:5	Apache
B2AI_ORG:6	ARDC
B2AI_ORG:7	ASA
B2AI_ORG:8	ASTM
B2AI_ORG:9	BMRB
B2AI_ORG:10	BPM+
B2AI_ORG:11	CARMEN
B2AI_ORG:12	CDC
B2AI_ORG:13	CDC IIS
B2AI_ORG:14	CDC NCHS
B2AI_ORG:15	CDISC
B2AI_ORG:16	CLSI
B2AI_ORG:17	CMS
B2AI_ORG:18	Columbia DBMI
B2AI_ORG:19	COMBINE
B2AI_ORG:20	COMPUTIS
B2AI_ORG:21	COSMOS
B2AI_ORG:22	DAMA
B2AI_ORG:23	DDI
B2AI_ORG:24	DeepMind
B2AI_ORG:25	DICOM
B2AI_ORG:26	DirectTrust
B2AI_ORG:27	ECRI
B2AI_ORG:28	ELIXIR
B2AI_ORG:29	EMBL-EBI
B2AI_ORG:30	FACIT
B2AI_ORG:31	FDA
B2AI_ORG:32	FORCE11
B2AI_ORG:33	FSCAI
B2AI_ORG:34	GA4GH
B2AI_ORG:35	GMDNA
B2AI_ORG:36	GO
B2AI_ORG:37	Google
B2AI_ORG:38	GSC
B2AI_ORG:39	HHS
B2AI_ORG:40	HL7
B2AI_ORG:41	HUPO-PSI
B2AI_ORG:42	i2b2
B2AI_ORG:43	IA
B2AI_ORG:44	IEEE
B2AI_ORG:45	IETF
B2AI_ORG:46	IHE
B2AI_ORG:47	ISA Commons
B2AI_ORG:48	ISBER
B2AI_ORG:49	ISO
B2AI_ORG:50	ITU
B2AI_ORG:51	IUPAC
B2AI_ORG:52	KEGG
B2AI_ORG:53	LOINC
B2AI_ORG:54	MD PnP
B2AI_ORG:55	Meta
B2AI_ORG:56	Microsoft
B2AI_ORG:57	MIT-LCP
B2AI_ORG:58	Monarch
B2AI_ORG:59	Mozilla
B2AI_ORG:60	NASEM
B2AI_ORG:61	NC-IUBMB
B2AI_ORG:62	NCEAS
B2AI_ORG:63	NCPDP
B2AI_ORG:64	NESTcc
B2AI_ORG:65	Netflix
B2AI_ORG:66	NHTSA
B2AI_ORG:67	NIH
B2AI_ORG:68	NIH Common Fund
B2AI_ORG:69	NIH NCATS
B2AI_ORG:70	NIH NCATS Translator
B2AI_ORG:71	NIH NCI
B2AI_ORG:72	NIH NCI BBRB
B2AI_ORG:73	NIH NHGRI
B2AI_ORG:74	NIH NLM
B2AI_ORG:75	OBO Foundry
B2AI_ORG:76	OHDSI
B2AI_ORG:77	OME
B2AI_ORG:78	OMOP
B2AI_ORG:79	openEHR
B2AI_ORG:80	Orphanet
B2AI_ORG:81	PCORI
B2AI_ORG:82	PDB
B2AI_ORG:83	RDA
B2AI_ORG:84	RI
B2AI_ORG:85	RSNA
B2AI_ORG:86	Sage
B2AI_ORG:87	Samwald
B2AI_ORG:88	SDMX
B2AI_ORG:89	Sentinel
B2AI_ORG:90	Seqera
B2AI_ORG:91	STROBE
B2AI_ORG:92	SVA
B2AI_ORG:93	TDWG
B2AI_ORG:94	UAB
B2AI_ORG:95	UCL Orengo
B2AI_ORG:96	UFBMI
B2AI_ORG:97	UKDA
B2AI_ORG:98	USGS
B2AI_ORG:99	W3C
B2AI_ORG:100	WHO
B2AI_ORG:101	Zeiss
B2AI_ORG:102	ONC
B2AI_ORG:103	ISA
B2AI_ORG:104	IBM
B2AI_ORG:105	Epic
B2AI_ORG:106	Bridge2AI
B2AI_ORG:107	Bridge2AI Bridge Center
B2AI_ORG:108	Bridge2AI Administrative Core
B2AI_ORG:109	Bridge2AI Ethics Core
B2AI_ORG:110	Bridge2AI Standards Core
B2AI_ORG:111	Bridge2AI SWD Core
B2AI_ORG:112	Bridge2AI Teaming Core
B2AI_ORG:113	Bridge2AI Tools Core
B2AI_ORG:114	Salutogenesis Grand Challenge
B2AI_ORG:115	AI/ML for Clinical Care Grand Challenge
B2AI_ORG:116	Functional Genomics Grand Challenge
B2AI_ORG:117	Precision Public Health Grand Challenge
B2AI_ORG:118	NIAID
B2AI_STANDARD:888	EDF+
